timestamp,Cell_001,Cell_002,Cell_003,Cell_004,Cell_005,Cell_006,Cell_007,Cell_008,Cell_009,Cell_010,Cell_011,Cell_012,Cell_013,Cell_014,Cell_015,Cell_016,Cell_017,Cell_018,Cell_019,Cell_020,Cell_021,Cell_022,Cell_023,Cell_024,Cell_025,Cell_026,Cell_027,Cell_028,Cell_029,Cell_030
2024-12-06 23:50:00,1549407,1660035,2618068,437681,4238958,1396972,1922368,1139354,973369,3725149,2620433,1681491,1607434,5095087,3768945,1599580,2040323,834386,984934,1049528,1648585,1223945,3144023,1099791,1381749,859746,1094778,3357281,1746145,431920
2024-12-06 23:55:00,2549199,1940016,2445356,473405,2085917,1840084,1675855,1041209,473194,2755289,2840662,1167230,1038257,4336553,4007622,1249857,2178772,851675,868093,1041711,1665807,1899229,2551505,1253595,760971,1153630,1048245,2947177,1308085,147607
2024-12-07 00:00:00,2101998,1367054,2550156,463707,2620128,1709811,2353993,1330386,440477,2439565,2879210,1103202,1239262,4749757,2998623,1355495,2232021,630403,2491882,1661233,2110507,1160037,2881373,1231518,764314,1372480,889943,2973766,1026447,401699
2024-12-07 00:05:00,4269553,1735093,2464987,488403,2165979,1370350,1428380,1173460,428980,2029069,3817157,1081522,1369113,4091947,3419145,1278245,2119980,429613,2450038,748511,1016205,895003,2749014,781443,1021203,1290945,1000353,2914566,1152182,296487
2024-12-07 00:10:00,4481089,1854176,2260226,223289,1959021,1089750,1439760,1247419,374504,2924530,3703899,1417151,1469321,3329595,3042083,942858,2294485,568859,666912,635755,852961,764461,2726434,896786,469553,1489369,601165,2790284,959667,194190
2024-12-07 00:15:00,2982607,1749532,2470538,170710,2385863,1259239,1450786,1031970,380913,2458533,3662666,1467767,1281945,3044686,2645619,1041143,2360549,676828,3921972,697483,746089,511495,3102374,910458,649896,1043546,909754,2753285,1285542,158288
2024-12-07 00:20:00,1394172,2011383,2301984,184219,2192228,1163191,1998312,705752,494071,3032359,3345701,665907,1048119,2707174,2811051,716325,2225326,727782,1729631,1065941,772359,567476,2031169,885527,846089,1081394,1921543,2826739,837181,126936
2024-12-07 00:25:00,1501788,1719634,2018819,218621,1484551,869411,1535656,636515,274039,2114728,3692755,3820342,1454125,2742930,2747030,704288,2111047,490077,553252,618459,590053,587166,2424027,265312,683679,1134113,2467274,2643123,809102,125410
2024-12-07 00:30:00,1549456,2133000,1851631,174626,1729610,1207774,2061219,788488,258385,2172640,3388626,4901795,1111069,2857321,3180525,978678,1962971,444407,859211,511910,526973,613196,2413949,336845,580673,1140756,2311534,2752218,848669,197598
2024-12-07 00:35:00,1399526,1706401,1687232,159337,1704437,1395929,1548833,1095286,230426,1857699,3222777,5126495,822575,2419598,2216266,1421712,1624057,97049,971720,530526,392814,3454533,1886268,388397,548459,1089521,2321084,2723375,908125,365915
2024-12-07 00:40:00,1192805,1728214,1516779,225286,975556,1261884,856551,991235,1088442,2514333,2597376,5359593,737273,2170560,2110918,1002002,1348592,449422,1086644,621378,575509,1630458,2031956,550822,1343024,1012216,1926576,2614495,900105,242251
2024-12-07 00:45:00,1279762,2158106,1670431,335368,970919,1463127,1170112,766215,359800,2953890,2899232,3298406,697670,2087907,1969208,1006014,10276365,113182,649424,982101,591346,496792,2293766,534579,450623,783168,1780598,3012935,603223,337390
2024-12-07 00:50:00,1964031,1828267,1184511,430011,858951,1378895,1146018,907719,393028,2066914,2984922,1156463,740894,1545173,2080520,800000,1016251,95453,521373,4022528,395107,734626,2446179,805865,355178,1074552,1260309,3092860,625547,246569
2024-12-07 00:55:00,1940277,2062089,1063447,314876,920169,757964,1200212,818533,193037,2055802,2402391,455682,788621,1722553,1466019,745722,1468493,60568,516589,704015,379704,1101415,2372573,708202,631260,884633,1318097,3378258,829918,278005
2024-12-07 01:00:00,2410605,1790300,1109376,343932,835878,1020595,1009743,608662,261297,1326913,2373123,438599,626701,1554595,1656089,587816,1745870,124041,636093,990283,292358,1356553,2934183,757121,343512,2415714,738995,2865834,671353,292790
2024-12-07 01:05:00,1718967,1991724,1109395,289628,1005309,1017727,787897,595279,210082,1254280,2434139,332358,510979,1548947,1730235,692218,952865,38730,802825,748236,328280,1147514,1978404,1041918,262938,2234389,874580,2918763,589691,276663
2024-12-07 01:10:00,1690982,1827243,1036312,204843,1403451,653245,1007669,770688,299836,2161439,1996793,302593,476582,1629534,1353032,1011110,660521,192542,549878,710469,422672,2299947,2705945,864403,296075,1720939,444833,3119077,477640,388000
2024-12-07 01:15:00,1039089,1931386,1142727,249134,1512883,532551,4736099,943849,309422,2438627,2302308,394024,585406,1831936,1451902,540577,749898,130360,866487,887619,855752,1217293,1675904,1099286,317470,1666733,397396,3277928,451819,472648
2024-12-07 01:20:00,1312443,2489518,821705,138323,904935,489621,4488589,702761,128771,2553359,1854101,458509,776337,2032227,1713451,591315,674011,115421,1221581,1014489,618233,1492432,1187842,698024,280014,1164585,591499,3085103,3645164,308290
2024-12-07 01:25:00,831918,2504661,700976,278704,883240,511594,592307,830875,142512,2655683,2425149,469513,667502,1812594,1433449,502342,885896,147705,443762,1354707,530976,2081657,1816215,513980,358745,1411693,432960,3057683,1058869,292237
2024-12-07 01:30:00,769222,2657391,956964,121631,1033065,485267,4843086,532708,131838,2684126,2134341,466434,881570,1542878,1693603,489521,628469,91374,395786,1368675,469725,1485358,1403983,695576,243264,991919,416515,3059584,1669279,206948
2024-12-07 01:35:00,679892,2832223,918414,540758,1399806,385800,3268700,452099,104699,2950077,2378200,438489,593244,1390941,1759136,695959,556416,77596,311316,1291498,310570,1093586,1219100,1493271,271301,999709,431122,2918454,280392,186374
2024-12-07 01:40:00,663192,2467471,948254,130408,1183372,301355,5095107,448669,160465,2866435,2044504,376167,826693,1765101,1821691,506894,545978,58061,249010,1398163,374281,863720,1047968,728572,159707,766910,346609,2736774,377066,186728
2024-12-07 01:45:00,584270,2610434,615510,453848,864542,400337,4959215,531113,64407,2690679,1735941,497361,1168817,1889535,2461319,417194,434042,144450,361574,1487958,204912,1051476,1352931,603948,226334,774064,462570,2631805,348354,396532
2024-12-07 01:50:00,618680,2428462,587700,743511,833618,253112,2297511,504537,132769,4250943,1376396,347797,736555,1852373,1509056,306469,409141,758968,390175,1295108,316143,1640172,1575868,680080,301231,656975,378835,2647113,267839,338912
2024-12-07 01:55:00,906773,2285640,13201160,133600,970582,291622,685370,818281,158790,4274498,1792562,273831,517530,1613665,1905232,336228,475282,394540,347100,1190752,317583,1310985,1415708,649464,385513,701367,340556,2750776,267383,129675
2024-12-07 02:00:00,390331,2704468,898673,210165,898438,236228,1862159,720704,368150,1882422,1867689,309060,804294,2303668,1764858,483238,403599,90466,246493,667935,293819,1539306,1479417,625361,689781,790134,384560,3088824,272803,161780
2024-12-07 02:05:00,397728,2181238,1363292,221362,677630,236649,2888393,487124,349413,2762629,1774546,279155,596291,1480331,1839580,631377,375859,82234,307363,623077,240020,1687721,1244398,619170,693312,934136,1297149,3033789,265607,83005
2024-12-07 02:10:00,427723,2289800,1573188,293898,634781,243184,4763603,478773,139175,3079630,1700230,223289,602210,1301656,1658622,428813,586411,57574,260963,526371,216807,1274347,1431647,673782,288734,766058,1546957,2786157,260361,113267
2024-12-07 02:15:00,341325,2156249,1490937,480699,466585,153108,483482,422087,98494,3231433,1876181,234848,536045,1504893,1732343,331368,1267260,93284,316051,654222,249654,995676,1559588,670764,188099,1292036,1088403,2317583,164337,78669
2024-12-07 02:20:00,505714,2486620,830097,224020,561891,85635,665078,382564,107694,3369360,1350605,256779,551667,1262649,1648476,369676,1103209,64835,385210,707836,396776,839502,1578914,511517,122043,854500,862372,236249,275274,137405
2024-12-07 02:25:00,504862,1287066,692837,127230,641291,97372,589067,370425,152251,2945752,1688276,163019,473049,1835903,1594639,396114,511589,68870,362172,692607,203385,857759,1512084,604390,165127,803340,581403,187252,231397,118034
2024-12-07 02:30:00,343786,1164903,942887,90263,2167723,73657,505174,330808,151323,1227738,1420258,317531,388104,1589320,1625424,340116,638509,52583,345255,1156615,144811,2394426,1545109,593462,148548,1110522,363601,209605,205132,113297
2024-12-07 02:35:00,374175,1335091,815684,99236,4827286,163637,356192,362639,296741,1201970,1341153,358847,409876,1306216,1236522,698927,1021539,54398,637876,653636,180504,683645,1347644,524395,185652,1343700,268971,312120,180321,87240
2024-12-07 02:40:00,219750,1425186,823591,179005,4716286,118006,573516,346470,191341,949498,1479512,302421,384896,1223333,758587,412463,948361,64444,609435,994355,167896,1304731,1343698,537925,186490,1210366,292704,266736,250131,54107
2024-12-07 02:45:00,242282,1586357,1078355,182083,4671279,116683,511247,342938,125281,834073,1516973,2804667,268443,1434327,1053136,269518,960524,83599,273907,1382558,183096,992686,1318578,538491,173999,1145913,256727,162503,192250,90041
2024-12-07 02:50:00,224459,1539310,780666,76523,3953117,88081,699638,841847,198457,817764,1585024,3252239,412532,1229849,1072807,310056,1036038,135207,186748,1132674,311618,1040557,1421436,286204,135929,596276,642482,146444,414753,115437
2024-12-07 02:55:00,218262,1745223,690092,130582,342740,85930,676100,519973,267089,1130248,1414839,2876460,205236,1355806,687901,511293,1265605,190663,185534,879935,233453,1162562,1447537,205566,173582,505742,227921,142218,201041,460788
2024-12-07 03:00:00,221355,1660946,523152,105922,1663168,58610,580256,448154,147455,1002084,1089373,714732,342900,2000254,648742,519654,1271659,52921,208285,950055,182273,1421362,1308622,108160,132448,575995,217733,93737,158729,120197
2024-12-07 03:05:00,251110,1485844,600461,168165,2730210,84915,342731,379501,89634,1086229,1045037,355230,755615,1722387,643378,306900,1050615,38031,222889,672252,145106,533209,1249614,197494,235037,969652,173468,110699,185033,78240
2024-12-07 03:10:00,264448,1428757,413743,105682,347306,258349,286821,403732,104947,1078149,848957,226408,733502,1780390,593132,247115,910535,59868,146746,520363,138158,429009,821076,106948,457634,927252,310121,119198,227904,470277
2024-12-07 03:15:00,290510,969687,460327,116662,405655,158149,220739,439918,93883,1076680,752871,207074,487877,1490624,872983,228051,1200217,53104,147330,637475,186411,2581153,1698211,157516,190262,705645,547047,135162,168170,981040
2024-12-07 03:20:00,649956,1334933,307490,71886,339428,63875,267198,354683,97546,966410,583036,78270,381979,1078973,632052,190761,1182358,31348,163703,550727,106290,410382,1003551,480581,925908,569434,170179,190219,168776,1036699
2024-12-07 03:25:00,437776,1145110,209525,172915,256005,228087,269182,422104,91832,1158569,500463,110808,363898,993039,496700,119566,1383724,19485,116458,533264,144676,313055,876776,140661,140170,225883,205743,164798,147388,491904
2024-12-07 03:30:00,265515,871420,346974,61482,300985,96766,197650,287207,76615,1059672,509668,123295,275940,997149,488092,134888,1215235,67696,119351,595512,168712,752487,1025289,128523,383098,228344,159982,219317,123535,771905
2024-12-07 03:35:00,302875,1068163,334545,77924,368210,54842,206858,432842,243283,1143638,618552,66022,323613,1017041,479749,163836,1277299,25734,150360,543434,206440,400058,850966,134408,233951,347817,216218,167688,75995,418613
2024-12-07 03:40:00,264089,839149,398921,42522,264692,41392,330158,990779,176680,846246,478674,97631,275163,1029973,387225,175099,1222409,25436,110453,632998,173457,842780,753118,259001,77795,676112,198611,123934,298244,79774
2024-12-07 03:45:00,242990,833722,594588,111281,273586,65275,308916,909277,77803,766761,427847,81990,389314,1021032,370308,206302,1173495,16430,116030,553788,133268,990679,675817,179421,73107,460318,236932,158278,209840,38652
2024-12-07 03:50:00,214003,848685,536194,17767,352990,26519,210423,395204,112094,750707,515181,160223,278908,1021340,399643,242485,1318616,47728,107931,725088,124637,501245,752867,184351,100746,155639,208571,159602,162184,42721
2024-12-07 03:55:00,253005,818618,568420,42935,288523,14741,213934,250897,77549,645338,507948,86891,234540,975114,367213,88537,1307312,11613,81243,547016,174889,331400,1146913,105051,105449,149903,125637,152727,79651,25028
2024-12-07 04:00:00,184597,807720,488736,76661,328281,17221,173117,239215,70194,531821,523176,150529,177115,945888,415973,127231,1121194,14427,55883,551862,165484,356753,1230654,136818,54339,156469,291299,171707,83104,105709
2024-12-07 04:05:00,231758,865568,473212,38726,327616,25377,281484,221680,42142,717434,492670,92460,165468,999192,754815,227418,1092311,37944,137203,535805,205420,331489,1209121,116250,212006,293318,207910,137124,62490,134195
2024-12-07 04:10:00,190556,753399,238928,25490,336746,43485,201888,230017,30073,1016786,563101,83836,190933,1040484,548093,231977,1141742,47906,144153,469545,174838,377517,1276471,100187,62443,161467,180931,164556,51692,26498
2024-12-07 04:15:00,170428,969516,171573,63930,300113,90676,196371,273278,39069,2637899,430730,119069,179752,1113950,280712,183907,1172419,167225,129182,198945,150784,317419,1308912,75118,108509,167556,199406,188044,62952,30773
2024-12-07 04:20:00,179335,1385630,408315,54231,312538,48524,170335,304554,28811,915771,340920,88525,200680,904769,169438,146263,474332,35777,235460,101168,248171,278986,1253556,85138,86137,166927,209653,135448,181545,33242
2024-12-07 04:25:00,165816,1293046,165499,7477,471649,52393,187058,232095,56793,952619,495079,79636,224954,419977,173016,156757,102877,21970,201742,96516,135334,255022,1259303,38031,85095,111581,594468,92168,43805,42886
2024-12-07 04:30:00,95384,837085,127124,21036,425508,31195,707208,195191,38934,695104,546811,85743,306156,511271,465575,234560,119360,33960,226094,237835,109344,756764,1554606,106699,49068,103657,455048,102956,54938,103811
2024-12-07 04:35:00,210444,772306,129466,44285,316890,44540,311872,223678,20078,658557,429567,145353,251931,687049,526396,135785,137764,33713,762590,216725,137614,851266,1699950,64275,71502,145779,228643,64982,40897,48545
2024-12-07 04:40:00,111338,1108089,187687,72200,304489,22340,205292,195874,57324,635064,421616,138773,397708,370971,494898,152545,105284,19543,147256,425997,139791,342741,1023323,53814,245032,125866,164441,75983,148830,101174
2024-12-07 04:45:00,132793,1320087,127812,26388,275331,37071,194897,228536,65810,582481,403716,189021,317265,482785,545674,200140,75058,16789,214281,181876,121008,94709,1221070,53401,31973,164448,209057,86723,73276,173202
2024-12-07 04:50:00,95098,1162967,165114,84527,189285,47209,213702,153976,87095,641169,448305,155071,231855,437213,473541,123449,127738,37348,214927,360856,84890,108167,1185666,40239,53690,161674,176833,70532,57733,99090
2024-12-07 04:55:00,149509,1001130,143175,50022,176691,66183,244396,183547,59715,605360,233549,124028,278866,337244,528787,133614,76225,25657,248659,554413,122061,155918,649282,43623,47676,146630,182158,62713,97979,52664
2024-12-07 05:00:00,130451,680158,131172,62306,187565,81786,141876,193860,26182,622510,317962,96852,237753,319132,475723,137334,84718,17404,255018,528915,91983,158203,604178,49505,43843,136047,160759,66755,79896,33409
2024-12-07 05:05:00,184104,627357,204564,80991,268892,114922,172044,225013,40707,533258,303436,73794,188345,370604,467222,118759,116698,10492,306560,519640,73709,140523,1080528,44131,73701,170105,141016,41372,96850,60657
2024-12-07 05:10:00,177273,517083,152105,65255,230937,94327,183420,188793,45584,606826,297591,52238,245582,493595,905549,110765,106301,22577,289025,526787,62416,181511,1063455,128636,48495,216486,157748,48817,142308,59415
2024-12-07 05:15:00,174329,584963,110331,140333,207250,145363,166764,162760,82191,611498,251414,96514,212393,337998,951367,148237,180539,46802,354808,572168,109359,293081,584887,100473,152129,192330,101419,44529,62170,69324
2024-12-07 05:20:00,155759,487306,178747,88775,247131,109607,264703,105540,24175,656517,250861,88674,182171,827822,925947,193653,137292,82859,213603,511329,80789,191546,1065582,37479,131851,190779,153636,33831,271179,24914
2024-12-07 05:25:00,163738,485233,113954,49185,183229,96253,178645,183853,77625,589698,216028,82493,227568,335442,836335,127346,106348,22425,145767,500045,179809,153459,1025221,117447,64571,146680,130918,92474,80548,36027
2024-12-07 05:30:00,97311,522104,135826,177453,312768,806787,165354,185280,63365,584594,226050,111263,201026,580266,991288,118337,82949,46721,138933,533014,89957,128111,508007,95202,70808,196151,127221,117206,59274,74194
2024-12-07 05:35:00,195680,699840,416524,21818,205833,947586,138831,194617,71527,231694,421605,98165,203148,524749,868770,100310,106104,30649,114288,626789,111319,116702,1002248,39421,72670,223309,143281,84848,67745,46659
2024-12-07 05:40:00,288338,1368047,178711,65922,255289,195076,261729,211838,82886,471177,200666,83013,197791,919332,767443,119362,117740,430594,128194,591274,191207,162455,851133,36574,215389,161554,108248,86682,170159,74125
2024-12-07 05:45:00,670760,1343083,105913,44409,229807,161090,198008,148948,81407,567179,224474,156980,209439,1288104,949142,203080,82932,108035,229291,560620,234366,178858,568457,41295,65557,147013,90447,71927,61788,154299
2024-12-07 05:50:00,176641,1491887,77558,45885,319615,93205,251297,218731,118202,557526,405996,132446,243297,1426744,1026643,131449,104522,94873,339547,564310,188427,247659,557307,38524,65410,191738,117694,67253,166497,98263
2024-12-07 05:55:00,191700,1315159,73370,69132,207784,123125,373381,160816,117617,590703,372518,127635,208543,1641983,1116712,189768,124854,64437,231234,550346,157429,218835,501993,41090,56600,179284,139060,96213,85258,60195
2024-12-07 06:00:00,217324,1265950,92222,81825,248731,127751,325096,232985,121225,656231,364144,108038,290124,473243,1137039,238860,113761,35388,254503,506253,186347,248915,457294,78685,29170,172712,91362,90066,97434,76331
2024-12-07 06:05:00,606041,810185,113746,99388,1083102,155060,270925,417958,119772,663081,252878,97590,237803,325263,839259,162697,74199,50589,654480,513236,165562,252413,486866,88455,63786,206900,107950,92325,114820,63746
2024-12-07 06:10:00,488423,869179,126276,119519,209594,140095,284278,350354,86101,753313,337280,77855,225526,403663,547979,197777,123623,37768,292113,579871,374138,245646,471377,132999,106229,182856,69056,116399,1344254,121769
2024-12-07 06:15:00,1043627,867628,79959,106455,213323,120139,330514,343138,112515,780806,278603,172787,246943,381850,664616,407077,130371,154621,247992,575732,410495,289153,460129,60048,106302,168057,98094,161891,105257,94171
2024-12-07 06:20:00,534307,1085990,155007,70399,241331,210152,280188,393945,110338,833163,290307,99103,205627,388672,643905,161540,136674,85724,256656,594816,137148,263084,677174,93557,65764,115086,114271,126752,159539,108134
2024-12-07 06:25:00,637636,958912,410868,61570,191222,193332,307838,351732,188910,940374,356125,111339,282829,282898,528906,146935,164566,243540,318995,570884,96053,251323,553822,53683,41152,130672,137908,129836,148307,89424
2024-12-07 06:30:00,593205,843851,770243,98105,208546,268395,280703,253334,274220,345189,557354,184124,149914,368853,492288,193069,198355,51726,332197,503551,161939,378955,616240,136678,102924,182197,146413,111864,201881,62439
2024-12-07 06:35:00,548547,763073,537334,94531,223578,251444,352360,299951,112791,316969,560008,152303,192138,299114,721200,270253,186595,89637,362499,613463,722051,415597,761545,66566,74377,164367,134729,93281,176475,101057
2024-12-07 06:40:00,588699,920892,336370,141618,324167,122093,235723,394557,154854,378366,541835,168541,139132,2267345,1635656,305725,220685,302457,353586,657171,208741,661892,4297387,94930,112032,332621,158588,118837,254179,112846
2024-12-07 06:45:00,636051,766731,191643,332830,289227,187008,417484,308961,285340,525533,672459,383318,245985,1550695,2020646,398640,217166,103659,357425,318885,168707,1318506,531857,102465,115107,338712,160029,301551,174058,90575
2024-12-07 06:50:00,1929558,849078,320005,142420,346389,239878,323770,472694,311222,455808,499252,397907,210391,390629,1563836,468442,227747,540469,434550,314043,177103,851510,614135,130618,70311,382433,219620,196086,215777,128803
2024-12-07 06:55:00,1523010,831197,664816,243018,340784,259030,336896,523161,331475,494217,630049,294053,253379,545254,943982,299917,448895,254043,417419,131072,189045,602951,690603,160662,125165,704420,119260,267230,277893,123952
2024-12-07 07:00:00,1029143,978128,808483,280988,431966,238190,352564,665862,393354,435477,1201622,206794,347675,457825,683652,225456,1490140,193838,271437,895161,272418,479931,643626,223466,159029,380772,99827,200099,353762,203378
2024-12-07 07:05:00,890843,2264231,463317,249835,432166,316345,763631,563577,324561,492316,1194756,248857,301438,637720,519567,220704,663518,267373,244903,197848,198649,478378,727812,176188,172977,442436,75618,156298,399926,152222
2024-12-07 07:10:00,971718,1184433,637684,1004706,588791,390662,358220,594363,306563,505700,1535475,239240,377415,1033702,532235,314965,451477,329690,184449,324489,337924,571504,645522,142573,95977,393640,125505,324398,601104,179096
2024-12-07 07:15:00,1212819,967419,563188,638384,559831,406290,392666,634161,369246,653910,1210349,265325,273994,787284,498327,410542,367632,400887,236229,336173,433509,900284,635271,150810,81158,378476,143723,348854,407658,145625
2024-12-07 07:20:00,1049196,1300108,490553,413080,692381,346765,500316,643167,351290,669832,1139338,385286,304724,1044389,308781,350839,529498,432178,248945,412005,495080,503586,671302,218219,105178,389762,170514,401790,477835,131645
2024-12-07 07:25:00,1415706,814051,508864,1136629,843022,478860,505354,777679,296185,630083,1714368,227337,701276,1175981,531733,545439,537357,358038,227883,343085,421715,495508,431805,293500,220042,447540,186553,345258,338456,216705
2024-12-07 07:30:00,1762843,2092006,504622,549104,661263,506198,541587,822970,486839,650509,1167959,284732,555594,1268484,783053,653834,626051,960836,349177,232859,265299,724089,502014,178910,152691,527870,216663,617277,525693,205106
2024-12-07 07:35:00,2379811,915968,656187,647806,777756,919349,563915,737420,529229,857928,1297594,351822,518439,1448686,629973,535287,605306,541871,237449,326731,597732,660394,362644,359073,309669,796867,198001,342304,631276,230931
2024-12-07 07:40:00,2167885,1312277,817523,595450,703510,613163,468786,702845,581358,939353,1251159,405739,553079,1206415,736620,774121,800040,819976,252000,338292,1015424,568287,767267,212787,361091,1023202,195384,477760,2544117,203466
2024-12-07 07:45:00,1279720,962026,975872,572982,729696,823324,501764,945304,442634,895569,1180138,433542,523313,1296888,570135,390835,1056754,552037,408740,427884,1398031,722002,460286,205113,454437,823812,238930,301584,815597,244091
2024-12-07 07:50:00,1608942,1078755,1273913,852946,732994,1072215,648393,907705,446552,1252548,836573,390678,538093,1341452,228347,754680,723284,671663,680483,591784,674063,585136,394364,217511,354082,989142,685974,550709,816037,221186
2024-12-07 07:55:00,2960481,1972090,1572186,633763,627792,1673474,708610,995556,668493,1346275,445785,335003,488769,1673238,164544,971049,932267,607548,575498,725164,873114,629566,713532,259755,401308,895397,681531,478254,674132,229996
2024-12-07 08:00:00,3447374,2009672,1590122,765194,732319,1011859,783110,1684075,634296,1169772,552318,441296,570727,1346799,152052,778081,1201875,961599,384368,1205277,568609,563684,666286,331611,389556,1037485,337688,583992,1103972,304479
2024-12-07 08:05:00,4399970,1897914,1384003,764018,686299,1415526,940572,1274252,642348,1242087,582821,587246,437059,861244,148371,906252,1273077,724915,337106,783324,567386,595918,1047635,337533,504775,838355,422211,675763,845181,379690
2024-12-07 08:10:00,4361122,2252013,1268296,2339131,937964,1153128,933218,1012106,758361,1176788,550493,789271,795857,839692,170586,1006226,1399061,808895,267586,696230,653476,540448,1012079,903325,440793,735403,333964,585993,1135575,289078
2024-12-07 08:15:00,3944694,1784347,1165902,1089226,1342803,1139030,926210,1280586,762258,984872,434390,1384203,516800,703798,196612,1031370,1553860,1040168,337467,881812,1106508,548069,734909,577797,492373,413819,448344,823193,923425,392040
2024-12-07 08:20:00,3139794,1945200,1185200,817459,1220813,995137,762861,1278969,971026,1145800,568607,711343,858899,693166,251129,689580,1382273,659472,361021,882648,1080192,464408,1293464,601921,734097,459914,353437,751807,1156930,410264
2024-12-07 08:25:00,3054952,1903387,1222413,1047378,981655,1438246,978797,3477676,885347,922579,716628,956059,856083,1506812,141300,540630,1359861,556442,425048,508605,1220733,479754,1167063,780897,528430,399744,379677,1183600,1004272,463674
2024-12-07 08:30:00,3536397,1846338,1306302,1018114,808486,1260967,789848,1369569,910799,1002681,466113,815642,644395,1362765,159276,576921,1570531,659287,355512,660179,955967,438677,1225734,670246,659454,429748,282871,973075,1023419,440598
2024-12-07 08:35:00,2921581,1369375,1099233,620964,686523,1340310,734862,1317135,1191487,1037002,437787,1406778,653838,1565563,208413,663978,1228046,859266,439174,1411774,657511,882895,1511062,545225,347358,581008,340778,797771,1385183,424944
2024-12-07 08:40:00,3837118,1242684,1364654,754313,983162,1329567,903778,833779,1043153,1164720,852735,1280894,371509,1177282,296293,407011,1416092,660772,412176,1063011,622601,650380,1469366,858752,393396,389393,325485,756359,1195653,537740
2024-12-07 08:45:00,3131030,1354896,1287656,780652,978045,1317792,829437,1308672,1041201,1191426,952361,933410,430435,884902,251432,635887,1175735,557632,2582506,612172,700188,537721,1189283,763807,434393,903187,311729,1007113,1246370,442149
2024-12-07 08:50:00,2697272,1394864,1569126,727872,1222612,1475665,1002716,1439189,673176,1045087,825112,591768,387321,812403,189700,763271,1083759,1022459,519069,553832,528414,617738,883105,753763,454498,770845,480875,946330,932771,334083
2024-12-07 08:55:00,2033856,1287480,1226836,644197,761102,1255569,779900,1779708,599704,1285453,896342,918337,357101,1334869,340748,778949,957373,737168,390853,472033,543568,707631,1213448,643432,545927,486227,560855,1428284,914856,583670
2024-12-07 09:00:00,2353230,1507410,1329269,1015876,858823,1370578,754582,1981640,644000,1281373,1477817,676923,328252,922340,373075,1000623,1224597,465724,488933,734560,932739,965683,923122,911352,829744,555397,359111,3088586,748219,562941
2024-12-07 09:05:00,1857983,1326385,2173681,779166,1149764,1495498,1027120,1720676,638491,1211249,1874807,910613,417978,1300549,435879,943997,1371854,821747,475633,551461,816526,622077,773420,724197,1848618,738369,443859,1488282,784447,320817
2024-12-07 09:10:00,2114571,1390944,1089334,1311781,1363535,1593406,912475,1735859,1043457,1640590,729341,10848601,403206,1491756,326667,815466,1176360,712166,445864,916905,1124970,592282,1052734,1180377,1297183,447816,405755,707852,924289,423573
2024-12-07 09:15:00,3084154,2001803,1423326,937982,1621554,1556115,843643,1634138,1151695,1092241,835629,1285347,481576,1458158,329987,822063,1282289,500186,324239,529267,1067374,677791,899210,858581,1476487,696881,478932,727997,965443,393916
2024-12-07 09:20:00,1744834,1318349,1321210,754985,1283594,1831620,931047,1317691,792838,1862884,891794,786024,333246,1001009,3676087,695269,1455859,713828,415330,556207,1043579,707146,811539,709448,1057464,784798,445031,1118982,1268337,399364
2024-12-07 09:25:00,1977911,1145816,1162419,903065,1248830,1759733,1426182,1480236,761127,1373443,587508,1137925,408835,838877,463069,748306,1171690,1798610,430941,1499657,957163,943031,983043,667815,1444611,773383,382940,926974,2485707,339037
2024-12-07 09:30:00,1822089,1396853,1234115,768271,1234206,1078494,812336,1181835,603813,1242653,593853,1011886,434655,755002,296445,821026,1060802,807053,524862,1320148,1063986,816860,729228,862519,577838,580478,273716,935222,1190215,637730
2024-12-07 09:35:00,1432015,1324062,1216328,743382,963531,1254595,1133696,1110524,654559,1867396,619696,794269,680512,1354208,352970,784507,1097937,580653,426493,678989,2763679,844989,656318,916723,438567,527556,413296,1521323,1231390,976347
2024-12-07 09:40:00,1460531,1507840,1251792,1092075,895697,1191277,1015111,1087816,811569,1779606,1201755,881254,509444,1098520,558691,789633,1072600,1011777,497618,1072029,921755,773599,966341,1023444,477386,934771,490256,1090468,921836,831530
2024-12-07 09:45:00,2220453,1704804,1220017,1004616,1103180,1238448,1236212,1087466,588567,1453539,1455329,867388,531485,1323308,398463,595776,1199758,653887,396828,554406,1074124,1125932,2014386,1951897,540949,686676,619381,1065201,1267010,431021
2024-12-07 09:50:00,2203355,3210057,1419262,1912389,1255338,1293362,1085971,1085712,777082,1876151,895316,945141,462979,1616086,483586,612314,1401715,617203,375855,757504,1194327,669830,1174802,1878571,688962,919508,444498,887013,1488968,673151
2024-12-07 09:55:00,2273907,1897069,1806808,832282,1184182,1052919,1741447,1096235,696372,1860186,868931,1191637,461743,1887032,443122,628255,1080914,1013059,371855,787191,1144439,667688,1939878,2219114,806865,562682,559971,1000702,857417,807965
2024-12-07 10:00:00,2484865,2107977,1365687,631567,1133854,1339512,1481945,1722731,777317,1268382,784669,795650,574930,1948363,480879,733190,3349573,525836,377964,1221916,1421815,1041865,1540712,1476415,687160,550282,594019,944388,1575216,571859
2024-12-07 10:05:00,2533585,2535643,1608428,1000480,1767449,1411483,1258605,1333811,770578,1587517,837853,2065007,609023,1675672,405523,959221,1127180,787901,468866,564317,1101775,1031426,1927379,1785879,1344477,537233,791025,1013557,1837829,649198
2024-12-07 10:10:00,2329640,2862772,1804047,3965758,1908850,1149432,1252123,831263,896738,1780185,756457,1741111,569428,1717023,554023,739509,1142025,516927,407868,1745920,928943,1267564,965228,950126,1207537,887697,728629,810685,1196217,804662
2024-12-07 10:15:00,2593953,3711618,1939078,1172833,1834016,3405224,1348141,1514552,1764888,2257693,909557,1297870,462409,1972953,639692,805961,1632308,866918,448862,702828,1326691,1459863,1165884,1187613,1780026,637480,410382,799002,2123402,3481261
2024-12-07 10:20:00,1684919,2717563,1431221,1413021,2062899,1106485,1277628,1083520,1045403,1506528,1227440,979965,604514,1689306,585653,733000,1589486,857716,2327031,601215,1273001,1291848,1371868,803822,612968,783155,482218,1037325,1135181,520225
2024-12-07 10:25:00,1740446,2468011,1308648,2351049,1614302,770681,1463084,1146949,1110328,1574059,1121705,1286751,463555,1726944,309481,609881,1233459,706656,3663367,688599,1553975,977186,1471692,752537,1032774,647711,562346,1058720,1144935,2227188
2024-12-07 10:30:00,1468038,3165512,1345225,2336061,1356811,879245,1523982,1054087,1105140,1700058,983900,1102925,542262,1402762,443349,911574,1189848,873914,511259,805280,1414703,756597,2502833,750721,496550,1323850,414177,887292,797046,666893
2024-12-07 10:35:00,5150782,2831108,1622663,1461407,1438876,933908,1069062,1392124,733005,1290279,1089260,2141772,551200,1892295,768346,537024,1253208,728837,2011425,763558,1274485,570345,1705846,1124833,3614673,1155020,344860,1244322,1256043,447222
2024-12-07 10:40:00,2038255,2700230,2379066,1125812,1882832,1008278,1730852,1424639,1266792,1462174,1072492,2015394,444613,2689715,980234,749385,1880353,892313,1913051,692823,1835343,786945,2128257,846421,3392871,666965,738999,3033509,1423552,541139
2024-12-07 10:45:00,2707215,3022829,3057048,741028,1894531,1275864,767916,1676519,897427,1365973,1287423,2003475,599994,943060,331858,683470,1437515,2269286,1529335,801827,1102616,724798,2625638,790149,708186,705540,500953,1141240,855189,884094
2024-12-07 10:50:00,1853632,2698532,2659349,804814,1519066,4236365,880573,1069468,1704514,1247675,1146411,1378210,482326,2184531,1032902,670630,1697988,696018,1742042,947470,1181538,569602,2915675,753481,728342,519314,541997,915097,822147,808756
2024-12-07 10:55:00,1827788,2707877,2355646,1043730,1665526,1644885,2067482,994753,837484,2139815,1331341,1470933,513678,6966810,500433,771898,1599639,1446580,759112,1360975,1084007,594348,2229513,5236018,1402825,466226,706403,1652096,2648240,472326
2024-12-07 11:00:00,1245205,2495615,2169527,678361,1653089,847281,2053525,1132916,1354090,2378023,857904,1772807,560517,1766099,332170,786312,1575788,957624,786921,2951874,1549426,629888,2261984,965243,1889192,611972,479843,1390330,944985,398230
2024-12-07 11:05:00,1833072,2966552,1899521,1046360,2478550,1184607,2383091,1819833,1542658,2395625,1038911,1874361,511626,1970919,450184,764777,2136565,1235012,1162063,1621415,2203237,604433,2523811,783292,1559794,686440,486990,1099310,1427757,562024
2024-12-07 11:10:00,1451685,2995294,2211202,1325742,2642670,1054168,2285499,1113450,891728,1444617,1110898,1486631,494575,1366708,526201,802609,1520951,733060,1007976,720938,2136614,659366,1705916,951791,645318,789355,861594,1313213,1167689,466932
2024-12-07 11:15:00,1719846,2328096,1884264,2242970,2347556,1435522,1663920,1068129,824357,2412449,1296709,846580,413064,1189909,439844,610114,1365962,1318559,1014380,677203,2200047,693533,1037822,1039709,831092,746702,790075,1494146,1015035,754165
2024-12-07 11:20:00,1737287,3101066,2342050,1210682,2341315,1730102,1877651,934296,1006221,2070193,1272086,1357488,632671,1193633,485814,653035,1616576,502237,683649,527186,2151732,956160,944659,979790,660845,1229433,358037,1245741,3209903,621147
2024-12-07 11:25:00,2181576,2004600,2117893,1004631,2768690,1996904,985285,1345493,1236472,2602219,1505325,799875,478335,1318622,623903,1628226,1642689,935845,866700,1051537,2646190,459507,1288008,821672,1041471,1018214,648823,1218286,6298991,599151
2024-12-07 11:30:00,2289447,2491009,1844386,1700552,1132497,1256640,1744154,1474599,1493340,2372271,1419209,1130827,773800,1325738,817360,785442,1515194,487434,1355947,721260,3096784,2141031,1383342,3272276,990500,519321,601704,951488,1101558,833157
2024-12-07 11:35:00,2197966,2929586,2268920,712990,996815,1387581,1265109,877036,1542176,1971677,1364869,919776,580803,1159285,355596,853089,1389176,773671,1776990,782512,2917010,1635776,1477546,2227909,1062512,1018068,841585,1160032,1270697,672999
2024-12-07 11:40:00,2952770,2401280,1956508,735677,2967236,1776910,984966,1166614,1753446,1772005,1220414,919096,522579,1564158,538298,1186547,1420018,565265,1619567,645832,2326961,921272,1254810,795207,868753,1123807,824693,1097785,1275232,1309700
2024-12-07 11:45:00,1924017,2295941,1805367,1069915,1379069,2968450,863316,1628421,1110754,2287285,1214668,717318,500640,1900727,631789,3311618,3196961,597904,1260435,1092567,2595452,798876,1611803,1043181,1322594,1576841,828827,1227012,1730337,532495
2024-12-07 11:50:00,1711997,2188950,1454770,1032698,1629963,2148995,1092097,1361681,1146071,2474856,1587774,972378,483825,1491075,927437,1914043,2137022,597542,916168,822900,2660180,3008444,1859389,1188258,810967,1258398,915963,1492459,1307125,750487
2024-12-07 11:55:00,2105689,1714132,1728417,1364721,2008757,2721767,1352839,2425575,1023422,2200764,1360896,1127314,1772852,1384698,1171858,787771,2162106,1235998,780087,2421808,2762687,1689608,2262974,2145195,661709,1205554,485271,1156913,1217748,489448
2024-12-07 12:00:00,1901286,1875192,2258360,1685640,1869654,3170751,2162544,2028450,1046391,1800616,1489771,1143113,2030312,1558563,1136904,721857,1635302,902085,773252,1770178,1853715,1819520,1779393,6660058,802098,1106307,503587,880043,1107310,935211
2024-12-07 12:05:00,2973489,2215287,2365302,1511166,1950349,3851703,1102025,1208490,1816287,1380678,2088798,1142187,1434345,2122307,690450,1257351,1489572,567105,715454,2117546,1449361,1055407,2142219,2488028,887004,1380344,967034,1038552,994855,779670
2024-12-07 12:10:00,2634427,2752296,1635771,1066928,1174825,3390436,2367426,1515816,2115659,2162553,1898089,1214539,573056,1688329,998939,1329088,1133253,668330,869528,1160359,1224932,783646,2791605,2670937,1337734,774815,871047,1621242,1078461,472382
2024-12-07 12:15:00,2887467,3107177,1500964,1382356,1109141,3682149,1441835,1666056,3507941,2132630,2066401,1071089,474418,1613049,1169019,1194856,1403620,1428594,1147925,999138,1245542,880459,3003444,3897945,1456170,1383883,942114,2464825,1052127,942603
2024-12-07 12:20:00,1954153,3325976,1382292,1798133,3383326,3487904,2828829,1795502,3170413,2037476,1951115,937194,675021,1175215,1501209,1285822,2075325,1061794,971993,688899,1380487,1070436,2081408,1421308,1515616,1241652,1160232,1574802,1423822,1391930
2024-12-07 12:25:00,2096110,2679535,1473720,1143870,2389763,2176266,1162455,1159155,1954801,1777927,1743074,1066164,407227,1494795,1887018,992498,2590602,822699,2198227,1515997,1305060,1012600,2811638,2882450,1197275,1310687,758026,2519620,1105329,1356169
2024-12-07 12:30:00,2548187,2911355,1408741,931989,2338746,1713751,1691970,1194960,2281791,1296977,2682566,1238653,452352,1756350,2047851,673414,2685885,1386953,1213713,2057152,1096700,1005238,2767313,4158396,742789,757124,747410,2219826,808119,1608804
2024-12-07 12:35:00,2494071,2444514,1065832,984684,2008201,1201717,2025419,993616,2037362,1875571,2347642,1326083,466036,1739314,2318756,780151,2119391,622557,1589422,1747806,1494643,1361784,3215915,4978489,851831,1089546,591366,2226623,1619894,1548294
2024-12-07 12:40:00,2076195,2120368,1210032,927194,1999993,1617421,1823003,2076414,2875367,2212582,1981165,1591971,378017,1883405,2080626,990253,2502306,1164581,831573,1868422,1367895,628548,2603247,3359109,959265,1470979,895097,1595928,1940643,1009253
2024-12-07 12:45:00,2080865,2761524,1163715,1326347,2559498,1122635,1339271,1061096,1568804,1394885,2216399,1403823,416472,2217114,2122560,1207394,2520670,871217,1168594,2204595,1267976,465000,2461351,1048745,770021,1317941,655058,1283278,1878353,817717
2024-12-07 12:50:00,2606121,2627098,1112513,2481817,2043821,1459429,1738081,833513,1540483,1721551,1761257,1417538,433512,1865238,2304883,932708,2243413,700179,733420,1985705,1472828,795899,2593288,1549537,1272978,1350344,669116,1113640,2853196,987970
2024-12-07 12:55:00,1953687,2003992,671662,1886328,2397908,2318790,1333979,979218,1372373,2927009,1817239,1344491,396240,1624864,2406885,892255,2226041,1512877,760669,1574104,2155651,2917177,3787554,1356114,938596,1447030,489774,1131532,972741,1056128
2024-12-07 13:00:00,2020826,2975861,1138353,1721424,1847846,1739300,1551254,1027968,1510040,2287455,2192665,830689,661826,1451110,2857340,928460,1839184,1918929,707789,946105,1664245,837712,3007799,1038118,820334,1309815,482996,975619,1355013,722878
2024-12-07 13:05:00,1823259,1500644,1272712,1601551,1329154,2185470,1274338,1265361,1532525,4298410,2358740,1182324,754651,1650573,2334058,959842,1966608,555038,900057,1008189,1804274,303670,2797832,840762,777109,1229031,987746,2559090,2658842,1355112
2024-12-07 13:10:00,2650707,2456633,1368778,1012025,1004279,1773662,1090023,989726,1461915,1760165,2744652,1189115,657955,2729199,2157087,802714,1716608,719279,750399,809710,2167644,1351412,2250976,2060480,621663,3747015,675566,2695747,1086263,996198
2024-12-07 13:15:00,2881923,2029647,895187,968897,1273298,1275775,928298,1556916,1409685,1766167,2111129,1096368,566769,2255960,1772318,910314,1292618,927912,972914,676808,2337269,1924429,4393950,1391439,1118430,1650201,996749,3044011,1230156,1247052
2024-12-07 13:20:00,2967451,3409993,892815,680933,1022313,1329153,1469956,994077,1541443,1991687,1804787,659772,576629,2260120,2135692,1361790,1278716,980567,818252,1219725,2328720,523510,3043228,939835,1521603,1887870,451742,2938142,940272,1129974
2024-12-07 13:25:00,2726740,2232849,875044,593561,1271954,1064199,2287022,963127,2328927,2214199,2100598,693030,466806,1848195,2147867,1595180,1330771,1392452,708068,1030964,2593047,659118,2512027,953494,1131100,930324,550856,2001885,1387957,1367526
2024-12-07 13:30:00,2616105,2673660,585154,784034,1633243,989461,3257471,1696380,1249267,1846188,1567294,550871,552806,1907242,1894732,764130,1302026,577694,821627,1350853,2374960,552854,2065972,889361,839220,1378423,757596,1565783,2273897,1301172
2024-12-07 13:35:00,2482562,3098303,837601,886815,927612,822264,1116180,1179976,1900190,1677030,1885988,428436,451955,1916655,1934364,613451,1112362,580682,961803,2198240,1976743,461219,1684221,955151,803914,1907436,808067,1513498,1867808,1231589
2024-12-07 13:40:00,2636656,2971028,718705,874998,1424039,1215351,1365262,834122,2569072,2053251,1719971,665879,749927,1992032,2087558,1321126,1206498,690454,776817,1769343,2068990,551675,1342750,2947311,979389,1552365,520534,1234232,2464730,1116239
2024-12-07 13:45:00,5916276,3080492,1252301,943635,1791090,1507248,953066,935566,1664009,1796754,1169358,1543063,592006,1521009,1831172,908549,1265565,896747,827521,847612,1949398,593576,1196997,4425795,1846150,1293745,885200,838932,1140156,1519743
2024-12-07 13:50:00,2989970,3005592,1299298,969938,1758893,1405804,1005370,1305639,1880244,2086659,1394117,1541948,518173,1900080,1077483,600791,1313639,778363,948261,1021490,2118523,677686,1701526,1712115,2019486,2375670,955501,1034308,1620221,1467918
2024-12-07 13:55:00,2620447,2158744,2086192,1349152,2091742,1326797,1120717,918328,1860888,3952794,1198868,1098348,1035369,1700034,1469498,1009626,1159530,1039864,1471257,879095,3478879,1207426,1788070,2457087,2150207,1190406,738503,1095363,1041903,811552
2024-12-07 14:00:00,2609355,2930521,1689463,1006681,3726903,1707184,935586,1710836,1424530,1916505,947271,786687,1225294,1971706,969671,715867,1733203,772326,1303953,985006,2981127,553820,1536203,2932641,2314837,1209278,801043,941205,1488853,864872
2024-12-07 14:05:00,3839222,3015993,1314077,756649,1210063,2415383,1165221,788775,1911193,2710295,1021450,673258,727563,1823614,1136817,866784,1069351,961894,865508,1072555,2983719,1553684,1900523,1671564,2019698,1026846,663586,680899,1229560,1065073
2024-12-07 14:10:00,3373620,2435792,1164529,1111863,1037476,3218210,1111666,3986147,1693607,2485294,1085656,697992,442654,1600668,1545770,959219,1541752,806738,794277,1052040,6831618,1277485,1513727,1642220,2609595,1309272,392013,812809,990299,1370427
2024-12-07 14:15:00,3865668,2634050,1396951,1146849,978684,1547843,1757994,1316503,1334581,2543419,1271306,962301,361689,1309920,1448433,1105987,1799945,686969,1065271,890928,1916452,1216033,2443494,1556667,959321,1507061,532057,690377,1251162,1118117
2024-12-07 14:20:00,3842476,6658938,1131755,864063,1375890,1390701,2219715,781427,1223525,2340071,1408871,1405309,413711,1314335,1687213,1001378,1055921,561111,1144158,861089,2373874,1030557,2285778,1765287,928839,1717687,788900,1281365,1086044,1014889
2024-12-07 14:25:00,4532233,4558593,1332380,663140,1606338,2378308,2335545,1345248,1329956,1860378,1330456,863096,428658,1335247,1633957,941198,1197834,750551,1344814,937369,2457561,1039252,1602255,1691108,1348474,1197325,637868,995499,1622387,365917
2024-12-07 14:30:00,3226284,4824615,945506,967335,1163415,1446783,1285327,1300269,1249706,1614879,886852,1725273,498982,1236854,1146115,1787482,1770016,952626,837468,1046520,1874782,1074861,1700638,2734654,1181550,1202333,633542,1149238,2230532,231355
2024-12-07 14:35:00,3205025,5468739,1120124,920187,959558,1230654,1143433,883086,2230067,1891250,1329239,971280,977600,2532788,901716,739966,1583598,922131,1891200,2567546,2027366,2075188,1898453,2254183,2664921,706756,730873,945644,1524120,637939
2024-12-07 14:40:00,3418537,4345021,1122452,1652610,1210039,995333,1022336,944479,1713184,1980095,1517445,816358,1905550,2715440,1115494,1012010,974239,2856431,2607668,935967,4071769,1909239,2400128,1547870,2963429,1388295,504267,1748964,1449602,454941
2024-12-07 14:45:00,3862868,3248508,1236413,704880,1114575,1269784,1380529,1032894,1022222,1860786,1177732,702086,868865,1179503,1690913,630469,1338007,937710,982941,993135,3652593,1738683,3898303,2636841,3952773,1341340,1216619,3338218,1664061,430252
2024-12-07 14:50:00,3659279,2702966,1178141,1176415,1226435,1560408,2638367,1817657,1203337,1385700,1103300,711460,614018,1089809,1364038,802341,1746571,975561,1529184,1228361,3169480,1129466,2550915,2077154,2256479,1315478,982494,2430923,2367852,414274
2024-12-07 14:55:00,2878732,2503575,1541857,956979,1252792,1241907,2690476,1571815,1035122,1367996,950571,579281,533215,1107946,1649698,2139335,1664872,866202,2483172,1203500,3416867,1573688,2796850,1705321,6615558,1537111,1580819,1038340,1949437,423476
2024-12-07 15:00:00,3223821,1931568,2103222,1027830,1607952,1356237,1032919,1652078,651414,1603319,902023,821760,614068,1760196,1468914,1203005,1352578,778680,1717592,1433494,2107080,1602075,1708948,1884970,5914984,1602578,1458778,2874716,2187626,452910
2024-12-07 15:05:00,3433382,1657510,1805105,1958094,1258071,1394023,1995646,1655867,898145,1369994,637004,1012657,622657,1567181,1629004,913671,1518584,540462,1029089,1157066,1553868,1147390,1998594,1415176,5880759,2108355,735010,2936303,5262503,578284
2024-12-07 15:10:00,3271251,1677640,2348592,3056063,2191690,1253676,2558243,1698294,937837,1274360,1035506,1311517,583423,1547662,1786832,777469,1231315,1176481,1072369,1576742,1647513,720732,1183785,1921682,6483513,2428710,936430,2933677,3360615,885263
2024-12-07 15:15:00,2819266,2035413,2486616,1201034,1964620,1205192,2122923,1835315,1041176,3733639,1203405,1635573,509334,1822232,1812229,669676,2134736,1865151,978642,1204208,1656123,685248,1384552,2113320,11587654,1160505,2143112,3305949,3739645,835092
2024-12-07 15:20:00,3024796,1717016,1863521,876331,2215644,717305,1547480,1508414,790124,1649568,1074908,1030381,741302,2071769,1582091,723501,1015654,1664167,1785925,743531,1179973,1080092,1640202,1296164,7777226,1313463,821905,2356982,3389527,479301
2024-12-07 15:25:00,3870565,2501216,2344221,1679001,1725266,1173856,1856081,1999262,999899,1811069,1189653,823520,415441,1417556,1665370,754124,1323694,1680777,1551532,975225,1469786,960742,2682058,1831525,16418195,1442157,541244,1495326,2928019,933799
2024-12-07 15:30:00,3596419,2909367,1318349,1193244,738790,1567979,1003191,2449443,1001672,1566807,1185841,984598,421829,1260236,1673843,824625,1257529,1235973,1146671,956469,2093570,1338084,3129462,1950742,13469116,2051917,465790,1640980,5014980,887727
2024-12-07 15:35:00,4171573,2703185,1566269,1052097,927087,947947,1982970,2032495,963267,2286504,1365888,1052602,531723,1279074,2156712,2014418,1081519,858969,1148498,761618,4273606,1435134,2567457,1175855,10460837,1484701,550403,1825814,1598801,822267
2024-12-07 15:40:00,3612463,5172017,1751387,913255,904676,1218671,4691248,1641976,1320289,2363968,1893178,879613,967467,1218591,1445081,2129630,959046,1083063,1184848,999234,11598239,1174033,2555389,1805209,10174907,1021431,713864,1493617,1412493,826966
2024-12-07 15:45:00,3204852,2641661,1534917,947111,1286389,1047285,4421377,1321421,1618891,2160366,1461507,778328,820576,1470563,777589,716107,1412318,732130,983426,941082,13435569,1175323,2572628,1544210,11763942,551655,628132,1331248,1699145,1141461
2024-12-07 15:50:00,3088935,2950188,2779277,1366353,3208525,873356,1156696,1511261,1024809,2595526,1234580,966059,972650,1227248,976879,691215,1418183,921514,1105142,1503392,3172806,1895059,2592287,1745852,16319104,641909,511492,1340294,1248835,1886372
2024-12-07 15:55:00,3200841,2447745,2125216,1332676,1245110,1761621,1198253,2188899,1141523,1802202,1461695,1467072,511850,1135056,1616815,1025104,1508678,739235,762687,822676,1377281,912891,1605883,1867298,9273800,945285,938077,1984113,2148811,1960464
2024-12-07 16:00:00,3016433,2913892,1510377,1582147,1170910,1810491,1064672,3000516,1437476,2146786,1940155,1138859,456967,1333480,2680202,973266,1943078,1075927,1278230,1056235,2502066,491156,1573930,2833368,4134527,1221788,729629,947724,2155201,1769236
2024-12-07 16:05:00,2737447,2932161,1488861,744525,953581,2665777,1706192,1486016,1523956,1889272,1911282,1396010,1017305,1801687,3073693,868837,2075944,1171709,2006830,1110265,2751748,504146,1742606,2182420,1763297,1457454,1044962,915298,2788788,1103123
2024-12-07 16:10:00,2695961,3712990,1215899,643801,965285,2711568,1465301,2264118,1569317,1830981,1885070,1714045,955365,1532004,4643577,1036692,1801414,890434,950050,875200,2420625,532942,2328826,1936467,2329515,1425883,1000743,1087840,1689730,1016463
2024-12-07 16:15:00,2735644,3268729,1069030,567429,1459343,2532078,1162990,1784368,1642865,2795737,1793985,1737025,465045,1390654,1746813,4895022,1766694,603756,1257801,1168221,1674715,818162,2271638,1758665,1506257,1291502,1294682,961198,2301159,1323403
2024-12-07 16:20:00,2977567,3721920,972719,862801,1734134,1938220,1160584,2306858,1536104,2531472,1764843,1650937,539145,1511422,1690687,1799250,1956359,974719,1181647,928472,3334290,791048,1378316,2288485,1595568,1569008,1154733,1259251,1338723,861961
2024-12-07 16:25:00,2966732,3870172,1175535,1056701,1269551,1884361,1035597,3031934,1349172,2168918,2536184,1573646,643976,1606860,1852014,1812888,1494242,698178,1746911,607162,10330111,1027332,1420324,2130518,1983555,1200316,1109090,1116798,855703,914885
2024-12-07 16:30:00,3522735,3619537,918869,971025,1897660,2817363,1786191,1846893,1596298,2564738,1459764,1406318,377790,1860332,1583291,877476,1553400,709005,4398981,738696,1749636,1037086,2784156,1616396,2139415,1292411,706568,1354226,796811,532367
2024-12-07 16:35:00,3209806,3067380,1892102,1272794,1574384,2196275,1642899,1927309,1660135,2996055,1391437,1391160,513250,1918956,1137310,708109,2598720,553994,1332572,655105,1565607,1122402,1665544,1481862,2144093,1200640,607546,1113664,881160,560245
2024-12-07 16:40:00,2830364,2387780,1872058,1544853,1272831,1482535,988621,2298749,1541159,2582032,2025807,2144213,615119,1691858,2435314,874330,2578676,982016,1148417,924142,1342157,1801045,1852699,1401091,2301933,1345665,484163,1332645,1592780,978101
2024-12-07 16:45:00,4138953,2040049,1773950,1212464,756603,5359460,1451587,1387576,1666217,2090705,1624179,1870348,503865,1975853,3202736,1031966,1875989,740827,1242699,838416,1568906,908738,1786629,1372395,1175259,1366008,522250,1060924,2713437,918849
2024-12-07 16:50:00,3744671,1983814,1326264,1007367,1680351,1258435,1717859,1800099,1533592,1729653,4993104,1579171,529792,1876894,1759275,944696,1911120,582509,946014,1642192,2297159,1272407,1653626,1811155,1568145,1361580,680712,1656849,3249357,825368
2024-12-07 16:55:00,4324126,2079870,1305179,1252933,904554,1480047,5185720,1233530,1279096,2186237,2993112,1671740,655619,2471875,1558237,950306,1399884,1018460,650313,2016377,2108171,1037924,1794570,1659982,1807919,1168568,825484,1970536,2257678,833809
2024-12-07 17:00:00,3851482,1672293,1571623,1367955,800625,1343866,1960574,1237730,1804940,1976785,2776696,1417725,590439,2140132,2241919,1298409,1125354,866280,1014908,1360126,2263216,895186,1919195,2027129,2504473,1270739,632675,1637832,2427011,607540
2024-12-07 17:05:00,3813108,2174117,1649316,990805,1025766,1714406,1368073,2078405,1241752,1752155,1671132,1496048,665860,1637637,2118785,1121531,1003576,569212,1113734,1168222,2368528,1200135,2007058,2372182,2714678,740220,594083,1460481,2430219,647418
2024-12-07 17:10:00,3927886,1833699,1343194,1265467,1073241,1028960,3150447,989533,1296826,1518370,1729199,938193,895928,1492634,1754300,864739,1208235,802252,968812,1158018,2255404,1095565,1894322,2141556,3327446,1791928,1004153,1668061,2561450,1375174
2024-12-07 17:15:00,3843895,2503693,1486014,966126,1250079,2024277,2600525,1555708,1344419,1573473,1202068,930743,938931,1458728,1872768,916944,976803,1693389,1438571,1030102,1968858,1601649,1856701,1855593,1600948,677757,613252,1902678,2391154,519634
2024-12-07 17:20:00,3887421,2110738,1187249,795143,1302018,1294163,2867421,1074578,1674409,1956825,1292117,1032251,759034,1829898,2248946,1028120,1220536,1603737,1344547,1371443,1745901,1880411,2249245,1326242,1793533,1131908,617883,1216232,2669006,485245
2024-12-07 17:25:00,3714836,2652254,978555,871349,1044954,1221350,2730122,1808168,3658424,1995325,1503378,1239971,814706,2125835,1642652,880350,1304835,1295089,1578702,1118867,3258088,1628657,2352974,1952685,1996573,1572599,1324073,1557889,2046065,559822
2024-12-07 17:30:00,4062359,2287114,1629913,1512628,884250,1443172,2590127,1528585,2194535,1838993,1281522,995348,1153960,1388341,1291206,1320932,973895,850380,995350,1579885,2462418,1913743,3011569,1710198,2282313,1375553,1594063,1376200,1957609,1231001
2024-12-07 17:35:00,3613976,3365539,1539888,2831655,997797,1552693,2445585,1666072,2023966,1268245,1384331,1274322,942917,1330551,1065754,1094504,1249810,1394244,629016,1549390,2199683,1693179,4321846,1083488,1341400,1411471,1210211,1190716,1421869,1936799
2024-12-07 17:40:00,4187281,2416621,1772328,1272808,893038,1818518,2169613,1534628,2046769,1702869,1030012,923330,821154,2239935,1283043,1236288,836743,1216416,579992,2266173,1279922,1523718,1737223,1289800,1411200,1559032,1350369,1512255,984862,1285104
2024-12-07 17:45:00,3359486,2517104,1217822,887509,945345,1062342,1289020,1460289,2160191,1346079,1535129,1611739,707712,1908825,1556799,1158124,801267,843390,956059,2774299,1570232,1769751,2609775,1090379,1370942,1531589,1168180,767850,882949,1249051
2024-12-07 17:50:00,3679189,2162408,1746545,1106012,1190799,746729,2237879,1653093,2635132,1051879,2143355,1225792,1082691,2227913,1251906,1483971,1071598,913152,1181870,1949560,1450092,1438088,8352906,1362984,2031382,1558147,710402,729555,940539,1166275
2024-12-07 17:55:00,4015985,2353668,1738568,1040984,1273595,875157,1730905,1376456,2187354,2010658,1851722,1063587,1161386,2569614,1229243,1003969,1330306,909467,1055737,1172971,1330421,1276251,4599247,1216035,797246,1502115,608990,707908,1149242,1478586
2024-12-07 18:00:00,3844673,2429175,1864456,1447649,938295,1040441,1117849,1360252,1555466,2325004,1937979,1386347,1071809,2278950,1136869,1366509,1998426,1128220,1235318,1142979,2118895,1385252,3368038,3072159,1259311,1553226,671756,625122,951180,1241144
2024-12-07 18:05:00,3283270,3387592,1559031,895025,1389230,1875411,1642970,1252989,1392920,1914022,2212417,1690094,722113,1968765,1398577,871849,2297325,1687923,1389290,1182824,1788340,780259,4122087,1265568,1190295,1639332,1038873,750133,1493618,467697
2024-12-07 18:10:00,4066965,2358757,1435034,1391616,942033,2239272,1463851,1193233,2043001,1539191,2528871,1960335,765141,1936782,1250300,962943,2029607,1355080,1113547,1845588,1538315,796711,2773800,1890776,1918029,1395312,880084,668946,1968712,1003768
2024-12-07 18:15:00,3291366,3204868,1975712,809001,2566432,1575041,1977914,1532968,1772630,1481817,2585414,1704614,710919,2573225,1621924,1278220,2367623,1265072,1145124,1645645,1570252,910799,2605187,1567309,2109320,2093872,1119777,1310585,2006489,899886
2024-12-07 18:20:00,2654151,2602537,2585831,1332738,1151885,1167253,1228125,1954349,1528251,1731462,2911875,1210423,743069,1667359,2739891,1175810,1692642,1233491,1295774,2383628,1762532,1066106,3168697,2067284,2333625,1416598,1185594,1997366,2185972,1142098
2024-12-07 18:25:00,2681042,2423716,2587121,1584274,995105,897514,1424828,1676514,2524564,1459968,3043815,1859868,1032305,2627661,2513759,1269350,1484999,1150062,913231,2607771,1494216,997365,4152613,2137816,1498759,1243886,887880,1045945,1966324,756240
2024-12-07 18:30:00,3310506,3033433,3116129,1477571,977652,1316391,2157696,1891090,2280277,1399482,2936428,1747977,828797,2158511,2049239,1327538,1413801,1013548,2242276,1949014,2018951,863484,2800322,1795792,1620157,1069699,910890,901593,1885650,991991
2024-12-07 18:35:00,2795963,2875792,2343832,1403001,1604933,2714244,2424740,1349239,1550045,1103195,4417514,1699519,1101687,3563353,1730634,1511900,2255676,1621693,2345667,1432938,1837040,905205,2437716,1726823,1725885,1221772,984941,1918917,1715874,1797458
2024-12-07 18:40:00,2856046,3398334,1851943,1231325,1310504,1286138,1732300,1345749,2204608,1344255,4921516,1422998,955465,2592415,1720883,1201794,1505617,1191891,1796595,1620894,1982886,1028294,3460172,5568293,1261599,1738720,1579325,1410144,1658567,1535274
2024-12-07 18:45:00,2707045,3168808,1484186,1487079,1258610,1535752,2325511,1347010,1312711,1018436,5862938,1528991,1078924,3515263,2114888,1240944,1945765,1343440,1573048,5054163,1924762,1887268,3369947,28952521,1482434,1509106,1616407,1411255,2067089,1442097
2024-12-07 18:50:00,3192410,3812006,1356724,1305422,1151892,1423115,2922631,1343393,5955574,1275213,5517893,1237341,2311226,2312779,2067297,992276,1877997,1355052,1625207,2655015,2911973,2639332,3413357,23682203,1773632,1393683,2028254,1654946,1562001,1350972
2024-12-07 18:55:00,2635129,2742280,1451150,1148143,982409,1103700,2049629,920967,6065080,1320812,5437098,1029858,2061477,2213364,1828975,1192425,1904676,1233062,1932068,3355568,2207664,1621988,4015279,23557685,1836079,1698009,1085106,1110284,1504563,1312370
2024-12-07 19:00:00,4080313,2752608,1484727,1352374,1681070,880015,2019282,1218662,5783309,1235513,4724931,1424632,1479237,3057468,2565588,974464,2245952,1352411,1960250,2722251,2645503,1626527,3164752,17107115,1849736,1565515,932201,965575,1125559,868414
2024-12-07 19:05:00,4489811,2535579,1723580,1200588,1825763,1184082,2506750,1608022,1681975,1183352,4149254,920251,922056,2150924,2828025,1566814,2379063,1090761,1605854,2698406,3122281,1765609,3369332,1584350,2035121,1580493,985152,596177,1046576,1136930
2024-12-07 19:10:00,3110467,2637201,1110390,1573628,1835240,1074932,2855778,1591420,1574532,1236427,4439193,833090,1371106,3073680,2103018,1931390,2399002,1572607,2337617,3435808,2818092,1448840,3795054,2297946,2380502,1388455,1267501,967722,1063871,760565
2024-12-07 19:15:00,2768562,3058127,1330568,1926227,1761469,1191631,2945143,1860147,1366018,2082497,5752917,963749,1323368,2267661,3050715,1425723,2290840,976195,1221582,2946958,3323964,1608062,3941914,2347683,2277896,1719500,1427050,512772,1256786,1007507
2024-12-07 19:20:00,2771150,2453271,949660,1133979,1373506,970820,3069683,1550519,1387025,1449972,4058640,693949,1211852,2233433,2548870,1507142,2512814,763109,1154836,2555455,3252398,2013664,3341315,1614573,2672997,1744699,1325800,932173,1299612,738733
2024-12-07 19:25:00,3279381,2789618,1012722,1333313,1082388,1069929,3121244,1051698,2032632,1409310,4161069,1548693,996240,3037416,3168524,754457,2806013,659148,1197247,2200100,3580124,1544055,3013230,1028423,2296063,1462134,834508,1066517,1221640,1400194
2024-12-07 19:30:00,3486094,2911893,1057362,1508863,978255,897865,2692762,1475111,1252344,1704327,5345837,2467370,645506,2555814,2517965,732683,2481929,819460,1171889,2337614,2469322,1406406,4448570,1476200,3672666,1453122,642674,465174,1150790,1193194
2024-12-07 19:35:00,3111365,2537747,1224408,1252907,1604857,909358,2426440,1840088,1304694,1802116,4169259,1248562,594738,2820007,2223534,726604,2682294,1345058,729621,2110951,2661275,1446969,3446018,1581247,1397375,1231944,1101227,733046,1464618,1170441
2024-12-07 19:40:00,3250389,2273848,1417616,1478704,1639343,1181762,3389815,1676981,1234447,1600121,3448794,1983459,613137,4306827,3010490,881707,2432775,795248,627001,1680028,2647405,1560114,4233643,1629792,2044380,1679204,1166216,913537,1167553,1167470
2024-12-07 19:45:00,3199937,3365910,1502805,1107243,1850627,1590457,2858583,1839139,1792032,1343022,3444442,1201834,615941,4033625,3351910,1020746,1647788,1058324,1456485,6084757,4010875,2055370,5735930,1103636,1170325,2468891,1197747,1115746,1575386,1045069
2024-12-07 19:50:00,3405986,2889285,917832,1128164,2475742,2810600,3570381,2470213,1439927,1582273,3124780,1202858,887598,3129987,2383477,1028817,1930065,605285,1074314,2627879,1172761,2159602,5901157,1333791,1100175,3094187,1379237,1182072,1208046,1099584
2024-12-07 19:55:00,3896063,2403125,1291966,1144135,2956733,2456893,2903938,1140785,1161205,2030724,3308692,1515038,832654,2933068,2018177,1222571,2088381,989207,900375,1935993,2424478,2318338,5384063,2285689,1120513,1838305,1154312,616536,1130865,1363206
2024-12-07 20:00:00,3699842,2057503,851112,1405201,2111236,2596999,2494347,1157096,1266283,1373599,2919110,1584527,930392,3680076,2436847,1490641,2116260,2045631,1601675,2000099,2332379,2085355,5214233,2178841,1503626,2538675,1292738,768601,1356331,982937
2024-12-07 20:05:00,3188620,3446739,2043394,1189912,3208990,2841168,3644040,1190395,941958,1396850,3948628,2225910,841971,4774088,2711353,1459533,2275584,810739,1701299,2155504,2511617,1931450,4755590,1871011,1821801,1832451,1215486,540927,1577830,692915
2024-12-07 20:10:00,3547449,2958070,2720931,1077063,2727270,2066418,2584296,947013,3279993,1613533,3925570,1612948,1085934,3089647,3286293,1695836,2005195,690595,1296929,1743079,1623336,1663969,4339856,1575603,2056189,1867686,1450946,1359428,1079926,696710
2024-12-07 20:15:00,3358870,2288524,2358143,1559810,3048415,1993847,2824282,757826,2683696,1527428,3224608,1755018,1192221,3372233,5496206,2091447,1888020,1197149,1079488,1951517,1945642,1902801,4071436,1730006,2152011,1864805,2293824,937388,1540486,541205
2024-12-07 20:20:00,2902149,2643438,1407099,1332049,2083411,2406113,3619842,1271432,6978140,1829698,3641006,1651008,1093529,4014226,4620828,1693375,1901951,931466,1690868,2030031,1699910,1848821,4074052,1875116,1723772,1561078,1989247,1065188,1424249,1470553
2024-12-07 20:25:00,3231315,3428220,3432047,817766,4012107,2459176,3045212,1238971,7575297,2070111,3982768,1983792,1349067,3057394,3324656,2322872,1885066,623875,1681036,1471241,2319306,1980279,4464102,2163567,1276238,1796202,1935345,969290,1736674,1486327
2024-12-07 20:30:00,3199347,3309414,2434453,1376281,3894456,2254361,3065108,849385,1322334,2663710,3314864,1796540,1205081,3805529,3210014,2207279,1861928,922286,1519879,1589222,2106815,2489130,5037181,2391393,2171693,1393149,1621558,919008,1506530,1682965
2024-12-07 20:35:00,2832716,3200217,2275875,1402218,2777665,2666337,3345080,977147,1114650,2514176,3288715,2116847,1140822,3469063,2390784,2188395,1957469,1187819,1198436,2070920,1932448,1964032,3834695,2032145,983536,1143832,1412993,1072158,1585705,1642333
2024-12-07 20:40:00,2984823,3376293,3570567,1381120,1544233,2121132,3268545,1213536,1689192,2273601,4311781,1875436,1182245,3351107,2678189,2723543,1868988,1315754,1914514,1585740,1828914,1886173,3868329,1977475,1162025,1622932,1202946,1332143,1114290,1155036
2024-12-07 20:45:00,4015410,3061766,3094527,1282443,1678823,1789852,3354014,1224791,3430207,2119031,3624936,1312249,1233663,3715280,2682951,1940258,3793037,697184,2280887,3226094,1255871,1750294,3183643,1486882,1660200,1768420,1155990,1358548,998562,1042904
2024-12-07 20:50:00,5086990,1922807,3275263,2037147,1978220,3114622,2463844,1039890,2851750,2008145,3088160,1110398,1440861,3799161,2992852,1986489,2915794,790619,1533686,1834850,1381040,1356138,3689509,1095691,1609642,1450902,1064617,1254971,1620224,1053803
2024-12-07 20:55:00,3925845,2805675,2410548,1351090,1212267,3163013,3008188,1052122,1217836,2085655,3457054,862887,1663250,4260260,2557292,4447131,3144376,1613637,2067539,2348817,1993862,1529412,2913780,1323594,1357049,946719,1624475,777511,908589,1850060
2024-12-07 21:00:00,3748358,2874995,2735073,971821,1288011,2553416,2991435,1837402,988940,2147381,4263288,881943,1704274,4472382,2453679,3984408,3804394,808819,1430471,1962222,3439201,2018866,3159835,1794762,1518053,1341795,2008879,1009931,1198698,1483871
2024-12-07 21:05:00,3184195,2106739,3109133,1643297,1494825,1317001,2547999,1855599,1444010,1838615,3966532,963132,2533678,4263546,2556246,2785393,2433390,953785,1173761,1968597,1787169,2733236,2942032,2524937,1517687,1146339,2398693,1243432,1152567,1253520
2024-12-07 21:10:00,2614587,2276803,3485299,1398541,1866101,1928304,2812529,1529649,1303402,3044870,3906685,1107757,2469454,3578414,2308164,2889753,3118329,889798,1591748,2541767,1817671,3076927,3062693,2619241,1248167,1724068,1673816,1672186,1061609,1133770
2024-12-07 21:15:00,3070193,2687575,1588970,1364854,2914735,1959404,3087938,1269169,2097033,2443676,4393022,1310298,2058064,4368038,3205824,2942184,3591778,1085848,1353711,1510719,1524622,2757048,3083784,3076311,1556170,1297419,1356557,2165018,1822510,1286181
2024-12-07 21:20:00,3455643,1945866,1724119,1297060,3674476,2269089,4078851,1600454,3432344,2491212,3563015,1846771,1855590,5799747,2507318,2492088,5171199,1089120,1259077,1754875,1230773,2640887,4896953,2270349,1132094,1008222,1002128,1234415,3055702,929607
2024-12-07 21:25:00,6769518,2289490,1652394,1073538,2149707,3249443,3550068,2079111,1072845,3207002,3551048,1803858,1565147,4623919,2577544,1955168,7054732,1169992,745680,1637457,1089646,2368864,7070580,1813835,2006797,684836,1125231,765361,2345335,711710
2024-12-07 21:30:00,3697679,2700906,1355194,1161150,2530247,1725642,4698862,1792884,1156643,3077635,3129589,1917041,1789205,3356065,2558401,1916806,3745670,860162,1132173,911972,1565656,1861948,5383997,2267997,1631684,1336305,1503606,3115401,2419616,748232
2024-12-07 21:35:00,3545082,2851896,1627027,2130055,3299622,1752683,4424628,2572279,929922,3309597,3215601,1057990,1663881,3585895,3038679,2841019,4623565,978342,724646,1750078,1528248,2072447,5211428,2382427,2318439,1553604,1542033,2017648,3059680,1814417
2024-12-07 21:40:00,3106475,2492208,1012118,1810302,3283657,2120928,3203132,2141374,1094507,3098480,3739514,2490719,1604034,4052886,2588887,1724563,4180533,642216,834434,1466346,2275170,2432364,5483700,2621011,3127153,1371576,2197118,880144,2625912,1678923
2024-12-07 21:45:00,4990515,2698279,1973720,2974213,2352298,2318143,3411742,1688383,1579124,3018290,3697811,1978778,1340213,5188289,3542524,2046553,4314517,1332190,1021039,1048624,1729604,2562984,4347186,3037730,3764291,1411937,2614743,1216843,2458322,2010661
2024-12-07 21:50:00,3655493,3545544,1910020,2463795,1832729,4053189,2975271,1765842,1759259,3012797,3123856,2169212,1086272,2922685,2577071,2782100,3716276,1163811,924860,1227561,1884950,2016323,4541631,2469638,3171707,1833816,2127151,1110732,1561351,2712346
2024-12-07 21:55:00,3059795,2657357,1911650,1986596,2074558,9240970,4361020,1890095,996599,3065171,3386985,2519499,1272193,3065791,3582451,2463438,2613349,961080,1047457,1014122,1775123,2365569,4513262,1872968,3272002,2154686,1323484,1929305,1897995,1188660
2024-12-07 22:00:00,2899986,2363292,2630337,1902809,3663486,6210244,3882835,1326430,575807,2065007,4182529,2539086,1444048,3075461,4953642,1870344,2725054,616590,1169008,1189045,1386778,1929441,4351207,2575029,2127049,1565424,1368349,1458766,1563691,1631652
2024-12-07 22:05:00,2996643,3114702,1042353,2270467,2074029,6216047,3473155,1769018,800075,1737278,3590792,2220766,1090025,4177019,5835604,1713980,3842222,1250824,1224050,1399277,2070000,1936733,4880218,1930319,1406167,2217498,1503682,1512237,1956503,2159930
2024-12-07 22:10:00,3499024,4426265,1639118,1735327,2239598,1007793,4059409,1275925,808132,1994743,8406178,2581765,1078618,5069958,4931097,1911436,5509994,1084201,1273201,3475666,2373653,1541009,5071479,2425487,1865926,2042185,1168928,1600635,1950103,3416594
2024-12-07 22:15:00,3101577,3469863,1622036,1380187,1950649,3299503,4674265,1119575,923898,1985531,3711930,2768796,994859,6548147,2963525,2793815,3274561,1824823,1325065,2582194,3291175,1670989,4363075,1591905,1628005,1595329,1098271,1931158,1429188,795503
2024-12-07 22:20:00,3519883,3461704,1986074,1646737,2272228,2649004,4102072,1184313,1119755,1872924,3112971,2715334,1074876,5607065,3861073,2574013,3309609,760813,1873418,3524267,1874458,1978785,4469791,5055813,1999151,2750087,1207834,2327908,1754564,790386
2024-12-07 22:25:00,3892362,4752544,4101757,926612,2368705,1405356,3395695,1266657,1320726,2423762,3640266,1719750,1202370,5819209,2734376,2730811,4214034,712846,2055180,2432387,8381671,2307791,3621182,9056167,2688165,1497568,1728539,2453227,1764712,1863931
2024-12-07 22:30:00,3946270,4221590,2602319,1030320,2761113,2049231,3461615,2093883,780982,1813960,4692454,1870791,864073,4074982,3165630,2116748,2938695,544249,2437515,3283565,3853193,1903365,3514092,7158599,1880911,1859310,1418499,2245768,2324383,1281269
2024-12-07 22:35:00,6184258,3970629,1827018,1108387,2650586,9712304,4516168,2612409,735612,1933082,4561634,1766543,1167693,4346525,3326901,2018069,3572996,467830,1544433,2104766,1814133,2369792,4130786,2417336,2133477,1306317,1990442,2289609,1924542,1396784
2024-12-07 22:40:00,3974248,2891245,3851556,1531957,2533711,4408923,3818401,1798365,910109,1716946,3906863,1579602,970995,4120280,4144038,1739001,3765149,715978,852877,2389507,2270189,2176634,5005219,2284436,2105518,1343870,1795601,1929387,1879612,982987
2024-12-07 22:45:00,3972823,2849181,2977583,1892790,2256441,1964109,7615403,1403044,717946,1686673,3822025,1212581,986419,4408378,7316543,2136859,3175248,1828003,971138,2773057,2595069,1930684,3727203,2531938,2000854,1658127,1342031,1733748,1534246,878607
2024-12-07 22:50:00,4408497,2807265,1817283,2438330,2522325,1908767,3972104,1516123,632055,1887087,3826359,1368234,1027297,2676347,5837633,2770114,6002095,1572301,1130889,4112779,3072076,2566437,2875337,8283148,1381448,973445,1054974,1820026,1583289,622438
2024-12-07 22:55:00,4718219,3463791,2056995,1857169,2152527,1723408,4006785,1476962,766477,1889318,3640771,1439835,909981,3816066,3320811,2843379,2384762,1033197,1480886,3176099,2590773,2373887,2719007,2966401,1069692,1141760,1055507,1310566,2020494,878683
2024-12-07 23:00:00,5880709,3016594,2057311,1489873,1864220,1121192,4191073,1037461,547684,1851741,4718225,1409714,655477,3996504,4751439,2105968,1747540,691192,725051,2818612,1985390,1976689,3387094,2094720,954048,1119618,1310350,1855696,2368622,1357052
2024-12-07 23:05:00,5649034,2645912,2260504,10170227,1311463,870768,3591094,952894,592870,1489780,4138517,1154242,790450,3723022,3607804,1331674,1533822,653016,586886,3275947,1693069,1503531,4383058,1430963,1285721,885114,1122638,1892045,1795489,1340546
2024-12-07 23:10:00,5864209,1627460,1814608,1362531,1711003,1058038,2837264,1443926,576890,1193871,4956905,1158420,928857,4058018,3558392,1236466,2115906,383477,883659,4121470,2194123,991656,4889876,1756550,816153,857167,2069903,1188160,1906928,784805
2024-12-07 23:15:00,5300394,1759372,1391434,766002,2286026,2903292,2878788,1235191,471103,1971211,5499893,1018494,1053031,3580826,3867041,1859877,2246094,2239079,962329,4411203,1758130,1163342,3149379,2062555,1485021,897458,1702962,2548214,2046168,613387
2024-12-07 23:20:00,4445188,1955596,1832794,636177,2580903,1611676,3327406,955767,444209,1864666,5883588,1775735,1196132,4423750,4186088,1940995,3171319,876247,1213286,3293759,1887473,1930244,3093023,2010866,1698787,1258640,1769580,3223560,2081707,612981
2024-12-07 23:25:00,3240587,2582071,1858283,428644,2135055,1463211,2751312,1020044,399523,2946018,3845019,1843182,1048514,3375769,3808062,1889217,2900459,750689,878534,3051249,1264065,1450300,2985211,2075685,2357708,937086,2361264,648840,1088448,671829
2024-12-07 23:30:00,3556790,2198128,1497832,355119,2166240,1162225,2546800,1159547,431222,2471546,4713245,1628778,1028516,3404676,4315434,1654188,2101629,586796,2105250,1691119,1712564,1263887,3073331,1513831,1918124,1077440,1300628,815128,1045087,606157
2024-12-07 23:35:00,3803442,2169601,1447670,368136,2335840,1796106,2774936,1296245,538753,2425540,4044692,2177279,949567,2734108,2926270,1606542,1742872,821492,1533212,1990004,1964391,2187503,2586589,1040730,1193299,1403387,810121,778153,782333,522246
2024-12-07 23:40:00,3603345,1960282,1116863,561995,3864994,1353071,2630461,930707,387497,2560691,4183011,1508578,1090508,2711717,3218130,1696504,1439666,791629,1545065,2548701,1340525,2751419,4618582,1475359,1314282,1426348,662992,695598,1103313,696095
2024-12-07 23:45:00,3459865,3450092,1000651,599938,3082956,1546796,2507151,972825,421036,2448479,3120438,1415687,1250408,2654327,3057229,1372745,1362358,703949,927855,4055975,1664920,2401344,3653298,1059061,1238127,1374775,1158131,540178,1300451,501096
2024-12-07 23:50:00,3240991,4748920,1428648,629286,2423201,2256503,2025788,1244426,458251,1986482,3333025,1093039,1447959,2495401,4255519,1699567,1133256,742781,1236863,2758857,2254949,1039917,3789837,1734877,1209020,1290117,1405942,612522,1141798,501114
