grid_id,cell_id,grid_index_within_cell
Grid_001,Cell_001,0
Grid_002,Cell_001,1
Grid_003,Cell_001,2
Grid_004,Cell_001,3
Grid_005,Cell_001,4
Grid_006,Cell_001,5
Grid_007,Cell_001,6
Grid_008,Cell_001,7
Grid_009,Cell_001,8
Grid_010,Cell_001,9
Grid_011,Cell_002,0
Grid_012,Cell_003,0
Grid_013,Cell_003,1
Grid_014,Cell_003,2
Grid_015,Cell_003,3
Grid_016,Cell_003,4
Grid_017,Cell_003,5
Grid_018,Cell_003,6
Grid_019,Cell_003,7
Grid_020,Cell_003,8
Grid_021,Cell_003,9
Grid_022,Cell_004,0
Grid_023,Cell_004,1
Grid_024,Cell_004,2
Grid_025,Cell_004,3
Grid_026,Cell_004,4
Grid_027,Cell_004,5
Grid_028,Cell_004,6
Grid_029,Cell_004,7
Grid_030,Cell_004,8
Grid_031,Cell_004,9
Grid_032,Cell_005,0
Grid_033,Cell_005,1
Grid_034,Cell_005,2
Grid_035,Cell_005,3
Grid_036,Cell_005,4
Grid_037,Cell_005,5
Grid_038,Cell_005,6
Grid_039,Cell_005,7
Grid_040,Cell_005,8
Grid_041,Cell_005,9
Grid_042,Cell_006,0
Grid_043,Cell_006,1
Grid_044,Cell_006,2
Grid_045,Cell_006,3
Grid_046,Cell_006,4
Grid_047,Cell_006,5
Grid_048,Cell_006,6
Grid_049,Cell_006,7
Grid_050,Cell_006,8
Grid_051,Cell_006,9
Grid_052,Cell_007,0
Grid_053,Cell_007,1
Grid_054,Cell_007,2
Grid_055,Cell_007,3
Grid_056,Cell_007,4
Grid_057,Cell_007,5
Grid_058,Cell_007,6
Grid_059,Cell_007,7
Grid_060,Cell_007,8
Grid_061,Cell_007,9
Grid_062,Cell_008,0
Grid_063,Cell_008,1
Grid_064,Cell_008,2
Grid_065,Cell_008,3
Grid_066,Cell_008,4
Grid_067,Cell_008,5
Grid_068,Cell_008,6
Grid_069,Cell_008,7
Grid_070,Cell_008,8
Grid_071,Cell_008,9
Grid_072,Cell_009,0
Grid_073,Cell_009,1
Grid_074,Cell_009,2
Grid_075,Cell_009,3
Grid_076,Cell_009,4
Grid_077,Cell_009,5
Grid_078,Cell_009,6
Grid_079,Cell_009,7
Grid_080,Cell_009,8
Grid_081,Cell_009,9
Grid_082,Cell_010,0
Grid_083,Cell_011,0
Grid_084,Cell_011,1
Grid_085,Cell_011,2
Grid_086,Cell_011,3
Grid_087,Cell_011,4
Grid_088,Cell_011,5
Grid_089,Cell_011,6
Grid_090,Cell_011,7
Grid_091,Cell_011,8
Grid_092,Cell_011,9
Grid_093,Cell_012,0
Grid_094,Cell_012,1
Grid_095,Cell_012,2
Grid_096,Cell_012,3
Grid_097,Cell_012,4
Grid_098,Cell_012,5
Grid_099,Cell_012,6
Grid_100,Cell_012,7
Grid_101,Cell_012,8
Grid_102,Cell_012,9
Grid_103,Cell_013,0
Grid_104,Cell_013,1
Grid_105,Cell_013,2
Grid_106,Cell_013,3
Grid_107,Cell_013,4
Grid_108,Cell_013,5
Grid_109,Cell_013,6
Grid_110,Cell_013,7
Grid_111,Cell_013,8
Grid_112,Cell_013,9
Grid_113,Cell_014,0
Grid_114,Cell_014,1
Grid_115,Cell_014,2
Grid_116,Cell_014,3
Grid_117,Cell_014,4
Grid_118,Cell_014,5
Grid_119,Cell_014,6
Grid_120,Cell_014,7
Grid_121,Cell_014,8
Grid_122,Cell_014,9
Grid_123,Cell_015,0
Grid_124,Cell_016,0
Grid_125,Cell_016,1
Grid_126,Cell_016,2
Grid_127,Cell_016,3
Grid_128,Cell_016,4
Grid_129,Cell_016,5
Grid_130,Cell_016,6
Grid_131,Cell_016,7
Grid_132,Cell_016,8
Grid_133,Cell_016,9
Grid_134,Cell_017,0
Grid_135,Cell_017,1
Grid_136,Cell_017,2
Grid_137,Cell_017,3
Grid_138,Cell_017,4
Grid_139,Cell_017,5
Grid_140,Cell_017,6
Grid_141,Cell_017,7
Grid_142,Cell_017,8
Grid_143,Cell_017,9
Grid_144,Cell_018,0
Grid_145,Cell_018,1
Grid_146,Cell_018,2
Grid_147,Cell_018,3
Grid_148,Cell_018,4
Grid_149,Cell_018,5
Grid_150,Cell_018,6
Grid_151,Cell_018,7
Grid_152,Cell_018,8
Grid_153,Cell_018,9
Grid_154,Cell_019,0
Grid_155,Cell_019,1
Grid_156,Cell_019,2
Grid_157,Cell_019,3
Grid_158,Cell_019,4
Grid_159,Cell_019,5
Grid_160,Cell_019,6
Grid_161,Cell_019,7
Grid_162,Cell_019,8
Grid_163,Cell_019,9
Grid_164,Cell_020,0
Grid_165,Cell_020,1
Grid_166,Cell_020,2
Grid_167,Cell_020,3
Grid_168,Cell_020,4
Grid_169,Cell_020,5
Grid_170,Cell_020,6
Grid_171,Cell_020,7
Grid_172,Cell_020,8
Grid_173,Cell_020,9
Grid_174,Cell_021,0
Grid_175,Cell_021,1
Grid_176,Cell_021,2
Grid_177,Cell_021,3
Grid_178,Cell_021,4
Grid_179,Cell_021,5
Grid_180,Cell_021,6
Grid_181,Cell_021,7
Grid_182,Cell_021,8
Grid_183,Cell_021,9
Grid_184,Cell_022,0
Grid_185,Cell_022,1
Grid_186,Cell_022,2
Grid_187,Cell_022,3
Grid_188,Cell_022,4
Grid_189,Cell_022,5
Grid_190,Cell_022,6
Grid_191,Cell_022,7
Grid_192,Cell_022,8
Grid_193,Cell_022,9
Grid_194,Cell_023,0
Grid_195,Cell_023,1
Grid_196,Cell_023,2
Grid_197,Cell_023,3
Grid_198,Cell_023,4
Grid_199,Cell_023,5
Grid_200,Cell_023,6
Grid_201,Cell_023,7
Grid_202,Cell_023,8
Grid_203,Cell_023,9
Grid_204,Cell_024,0
Grid_205,Cell_024,1
Grid_206,Cell_024,2
Grid_207,Cell_024,3
Grid_208,Cell_024,4
Grid_209,Cell_024,5
Grid_210,Cell_024,6
Grid_211,Cell_024,7
Grid_212,Cell_024,8
Grid_213,Cell_024,9
Grid_214,Cell_025,0
Grid_215,Cell_025,1
Grid_216,Cell_025,2
Grid_217,Cell_025,3
Grid_218,Cell_025,4
Grid_219,Cell_025,5
Grid_220,Cell_025,6
Grid_221,Cell_025,7
Grid_222,Cell_025,8
Grid_223,Cell_025,9
Grid_224,Cell_026,0
Grid_225,Cell_026,1
Grid_226,Cell_026,2
Grid_227,Cell_026,3
Grid_228,Cell_026,4
Grid_229,Cell_026,5
Grid_230,Cell_026,6
Grid_231,Cell_026,7
Grid_232,Cell_026,8
Grid_233,Cell_026,9
Grid_234,Cell_027,0
Grid_235,Cell_027,1
Grid_236,Cell_027,2
Grid_237,Cell_027,3
Grid_238,Cell_027,4
Grid_239,Cell_027,5
Grid_240,Cell_027,6
Grid_241,Cell_027,7
Grid_242,Cell_027,8
Grid_243,Cell_027,9
Grid_244,Cell_028,0
Grid_245,Cell_028,1
Grid_246,Cell_028,2
Grid_247,Cell_028,3
Grid_248,Cell_028,4
Grid_249,Cell_028,5
Grid_250,Cell_028,6
Grid_251,Cell_028,7
Grid_252,Cell_028,8
Grid_253,Cell_028,9
Grid_254,Cell_029,0
Grid_255,Cell_029,1
Grid_256,Cell_029,2
Grid_257,Cell_029,3
Grid_258,Cell_029,4
Grid_259,Cell_029,5
Grid_260,Cell_029,6
Grid_261,Cell_029,7
Grid_262,Cell_029,8
Grid_263,Cell_029,9
Grid_264,Cell_030,0
Grid_265,Cell_030,1
Grid_266,Cell_030,2
Grid_267,Cell_030,3
Grid_268,Cell_030,4
Grid_269,Cell_030,5
Grid_270,Cell_030,6
Grid_271,Cell_030,7
Grid_272,Cell_030,8
Grid_273,Cell_030,9
